,scope_estimator,test.classifier.evaluator,test.classifier.balanced_accuracy,test.classifier.balanced_precision,test.classifier.balanced_recall,test.classifier.balanced_f1,test.classifier.adj_lenient_acc,test.classifier.adj_strict_acc,test.evaluator,test.sMAPE,test.R2,test.MAE,test.RMSE,test.MAPE
0,MiniModelArmyEstimator,BucketClassifierEvauator,0.6459464657703717,0.6394663691340166,0.6433281004709576,0.6409363985532124,0.9020408163265307,0.7877551020408163,DefaultRegressorEvaluator,0.11866900369604788,0.6911714723551821,0.6527249018635217,1.7745475180377583,0.12898073349267278
1,BadPerformanceMiniModelArmyEstimator,BucketClassifierEvauator,0.415705632764356,0.3083964421199064,0.40690737833594975,0.34098222478265644,0.7177394034536891,0.5058084772370487,DefaultRegressorEvaluator,0.11846083068731042,0.7411148087845276,0.8609939047532897,1.6247349845800803,0.13348659059024573
