,repetition,time,scope,ci_estimator,evaluator,mean_coverage_model_prediction,mean_coverage_ground_truth,percentile_range.10%,percentile_range.25%,percentile_range.50%,percentile_range.75%,percentile_range.90%,percentile_range.95%,percentile_range.99%
0,1,8.135510206222534,1,ConformalGroupConfidenceEstimator,DefaultConfidenceEvaluator,1.0,0.05086342229199372,437.6674029089958,1726.6311974752643,10064.3238754134,117902.85618162212,790385.304379103,2525781.5301115555,12154382.571018176
1,1,8.135510206222534,2,ConformalGroupConfidenceEstimator,DefaultConfidenceEvaluator,1.0,0.060221354166666664,1469.9478531943532,4193.013937340667,15610.844656141206,64232.058549000816,222958.09339082518,471877.74326185964,2444172.4192875936
2,1,8.135510206222534,3,ConformalGroupConfidenceEstimator,DefaultConfidenceEvaluator,1.0,0.0496996176952485,433.71961337374523,1931.2504650687097,10492.709169419984,91773.95324061895,1156548.571441784,8114680.857462924,97459343.9867791
3,2,9.179261207580566,1,ConformalGroupConfidenceEstimator,DefaultConfidenceEvaluator,1.0,0.08540031397174254,454.9284658958988,1920.9029049440796,13447.730467369776,154119.38125181443,963081.8198422245,3640529.244257887,18274632.22014406
4,2,9.179261207580566,2,ConformalGroupConfidenceEstimator,DefaultConfidenceEvaluator,1.0,0.08170572916666667,1518.7822383950718,5059.983175634692,20529.353179060563,96298.9378019825,424060.04822974984,832373.3640003956,2481273.431934186
5,2,9.179261207580566,3,ConformalGroupConfidenceEstimator,DefaultConfidenceEvaluator,1.0,0.05406881485527035,452.36501282694917,1860.6351736828055,10963.030399774769,82890.8590930235,624277.8230896993,3011600.7843616037,69106777.74867217
6,3,8.717475652694702,1,ConformalGroupConfidenceEstimator,DefaultConfidenceEvaluator,1.0,0.07252747252747253,257.9804744254527,1471.2970689337326,14346.98317154091,165363.90675464744,1398140.3590738892,5399666.424925617,28159621.891384732
7,3,8.717475652694702,2,ConformalGroupConfidenceEstimator,DefaultConfidenceEvaluator,1.0,0.07259114583333333,1431.4776557834107,4449.983944938814,18618.732492845113,86941.46605963455,297593.4307073158,568844.5710841437,1712095.067474722
8,3,8.717475652694702,3,ConformalGroupConfidenceEstimator,DefaultConfidenceEvaluator,1.0,0.0638995084653195,452.078663768556,2993.2217648018996,17727.771906351532,135530.8660390723,1241490.0062300544,5807366.969743779,52889635.20054508
