,time,scope,imputer,preprocessor,feature_selector,scope_estimator,test.evaluator,test.sMAPE,test.R2,test.MAE,test.RMSE,test.MAPE
0,35.82094883918762,1,RevenueQuantileBucketImputer,IIDPreprocessor,PCAFeatureSelector,PLSEstimator,DefaultRegressorEvaluator,0.19226725991588592,0.3630767132314209,2.0614859859720847,2.5951885812930704,21.976415244008773
1,35.82168912887573,2,RevenueQuantileBucketImputer,IIDPreprocessor,PCAFeatureSelector,PLSEstimator,DefaultRegressorEvaluator,0.12750567877961017,0.30227396040444665,1.3926370209523236,1.8542926369784019,14.394575947639135
2,35.82212805747986,3,RevenueQuantileBucketImputer,IIDPreprocessor,PCAFeatureSelector,PLSEstimator,DefaultRegressorEvaluator,0.2150676998791797,-5.5957129864204305,2.5937855314645617,8.918388122937646,25.86240916480217
3,4.999991178512573,1,RevenueQuantileBucketImputer,IIDPreprocessor,PCAFeatureSelector,DummyEstimator,DefaultRegressorEvaluator,1.154980086042551,-88.27138276144568,30.55169591419675,30.724264043829425,306.41304412432737
4,5.000408172607422,2,RevenueQuantileBucketImputer,IIDPreprocessor,PCAFeatureSelector,DummyEstimator,DefaultRegressorEvaluator,1.1428171607927573,-188.15057445321196,30.450090127455685,30.53090236426061,282.5575411813033
5,5.00072717666626,3,RevenueQuantileBucketImputer,IIDPreprocessor,PCAFeatureSelector,DummyEstimator,DefaultRegressorEvaluator,1.1564329454214541,-77.40644554161182,30.55231034349882,30.7490269570601,309.36370323387865
