,time,scope,imputer,preprocessor,feature_selector,scope_estimator,test.evaluator,test.sMAPE,test.R2,test.MAE,test.RMSE,test.MAPE
0,1.368196964263916,1,RevenueQuantileBucketImputer,IIDPreprocessor,DummyFeatureReducer,SupportVectorEstimator,DefaultRegressorEvaluator,0.16173824210695845,0.4739475748173334,1.7170839620566518,2.2241032515381263,0.18813209542188672
1,1.394658088684082,1,RevenueQuantileBucketImputer,IIDPreprocessor,PCAFeatureReducer,SupportVectorEstimator,DefaultRegressorEvaluator,0.15878227860297972,0.5069031837768836,1.6846863119912494,2.1533098681635776,0.1794815971889899
2,1.3506929874420166,1,RevenueQuantileBucketImputer,IIDPreprocessor,DropFeatureReducer,SupportVectorEstimator,DefaultRegressorEvaluator,0.16543974874166467,0.47187616985145775,1.764069903207083,2.22847780815238,0.18591797087632153
3,1.4225959777832031,1,RevenueQuantileBucketImputer,IIDPreprocessor,AgglomerateFeatureReducer,SupportVectorEstimator,DefaultRegressorEvaluator,0.16104299209774248,0.4800325421674939,1.7071381845522127,2.211202483896032,0.18635390791156536
4,1.482503890991211,1,RevenueQuantileBucketImputer,IIDPreprocessor,GaussRandProjectionFeatureReducer,SupportVectorEstimator,DefaultRegressorEvaluator,0.15336278051135235,0.523581841185331,1.625548198466643,2.1165794960070197,0.16977528609030962
5,7.228317975997925,1,RevenueQuantileBucketImputer,IIDPreprocessor,SparseRandProjectionFeatureReducer,SupportVectorEstimator,DefaultRegressorEvaluator,0.15866553119793084,0.5113585228742379,1.7026215309301966,2.1435597596319713,0.17721341932363768
6,1.6229422092437744,1,RevenueQuantileBucketImputer,IIDPreprocessor,FactorAnalysisFeatureReducer,SupportVectorEstimator,DefaultRegressorEvaluator,0.15209870167442857,0.5406851137991256,1.603145034680453,2.078239964030597,0.17325803961235337
