,imputer,preprocessor,feature_selector,scope_estimator,pipeline,evaluator,sMAPE,R2,MAE,RMSE,MAPE,crossval.mape,optimal_params.epsilon,optimal_params.C
0,RevenueQuantileBucketImputer,IIDPreprocessor,PCAFeatureSelector,SupportVectorEstimator,CVPipeline,DefaultRegressorEvaluator,1.1193307565169128,0.20854485443742665,3159085.0876061986,13994379.830037795,3649.7729286685935,-55.81140621604713,0.018228917269563133,1.6558158884080985
1,RevenueQuantileBucketImputer,IIDPreprocessor,PCAFeatureSelector,SupportVectorEstimator,CVPipeline,DefaultRegressorEvaluator,0.8845418265486923,0.23118851898890858,509788.00690443825,1807415.919991484,1811.2936533180648,-37.044920682093384,0.012470053961794387,1.8907309004576929
2,RevenueQuantileBucketImputer,IIDPreprocessor,PCAFeatureSelector,SupportVectorEstimator,CVPipeline,DefaultRegressorEvaluator,1.2606229851669095,0.3187241409815984,10809761.422780417,57675785.47836743,3580.31670869812,-29.05763155381599,0.1976422219479101,1.9552518524343647
